{
    "loss": 8.792829513549805,
    "accuracy": 0.6219512224197388
}